--
-- PostgreSQL database dump
--

\restrict HcZabkkfPPlHJFDLJ7FHMcfUoE5jTPt0VAHz3NlrvB8C5XQrImQuPXPNxdYYJ75

-- Dumped from database version 18.3
-- Dumped by pg_dump version 18.3

-- Started on 2026-06-24 12:52:17

SET statement_timeout = 0;
SET lock_timeout = 0;
SET idle_in_transaction_session_timeout = 0;
SET transaction_timeout = 0;
SET client_encoding = 'UTF8';
SET standard_conforming_strings = on;
SELECT pg_catalog.set_config('search_path', '', false);
SET check_function_bodies = false;
SET xmloption = content;
SET client_min_messages = warning;
SET row_security = off;

SET default_tablespace = '';

SET default_table_access_method = heap;

--
-- TOC entry 226 (class 1259 OID 41188)
-- Name: auth_group; Type: TABLE; Schema: public; Owner: studentuser
--

CREATE TABLE public.auth_group (
    id integer NOT NULL,
    name character varying(150) NOT NULL
);


ALTER TABLE public.auth_group OWNER TO studentuser;

--
-- TOC entry 225 (class 1259 OID 41187)
-- Name: auth_group_id_seq; Type: SEQUENCE; Schema: public; Owner: studentuser
--

ALTER TABLE public.auth_group ALTER COLUMN id ADD GENERATED BY DEFAULT AS IDENTITY (
    SEQUENCE NAME public.auth_group_id_seq
    START WITH 1
    INCREMENT BY 1
    NO MINVALUE
    NO MAXVALUE
    CACHE 1
);


--
-- TOC entry 228 (class 1259 OID 41198)
-- Name: auth_group_permissions; Type: TABLE; Schema: public; Owner: studentuser
--

CREATE TABLE public.auth_group_permissions (
    id bigint NOT NULL,
    group_id integer NOT NULL,
    permission_id integer NOT NULL
);


ALTER TABLE public.auth_group_permissions OWNER TO studentuser;

--
-- TOC entry 227 (class 1259 OID 41197)
-- Name: auth_group_permissions_id_seq; Type: SEQUENCE; Schema: public; Owner: studentuser
--

ALTER TABLE public.auth_group_permissions ALTER COLUMN id ADD GENERATED BY DEFAULT AS IDENTITY (
    SEQUENCE NAME public.auth_group_permissions_id_seq
    START WITH 1
    INCREMENT BY 1
    NO MINVALUE
    NO MAXVALUE
    CACHE 1
);


--
-- TOC entry 224 (class 1259 OID 41178)
-- Name: auth_permission; Type: TABLE; Schema: public; Owner: studentuser
--

CREATE TABLE public.auth_permission (
    id integer NOT NULL,
    name character varying(255) NOT NULL,
    content_type_id integer NOT NULL,
    codename character varying(100) NOT NULL
);


ALTER TABLE public.auth_permission OWNER TO studentuser;

--
-- TOC entry 223 (class 1259 OID 41177)
-- Name: auth_permission_id_seq; Type: SEQUENCE; Schema: public; Owner: studentuser
--

ALTER TABLE public.auth_permission ALTER COLUMN id ADD GENERATED BY DEFAULT AS IDENTITY (
    SEQUENCE NAME public.auth_permission_id_seq
    START WITH 1
    INCREMENT BY 1
    NO MINVALUE
    NO MAXVALUE
    CACHE 1
);


--
-- TOC entry 240 (class 1259 OID 41324)
-- Name: django_admin_log; Type: TABLE; Schema: public; Owner: studentuser
--

CREATE TABLE public.django_admin_log (
    id integer NOT NULL,
    action_time timestamp with time zone NOT NULL,
    object_id text,
    object_repr character varying(200) NOT NULL,
    action_flag smallint NOT NULL,
    change_message text NOT NULL,
    content_type_id integer,
    user_id bigint NOT NULL,
    CONSTRAINT django_admin_log_action_flag_check CHECK ((action_flag >= 0))
);


ALTER TABLE public.django_admin_log OWNER TO studentuser;

--
-- TOC entry 239 (class 1259 OID 41323)
-- Name: django_admin_log_id_seq; Type: SEQUENCE; Schema: public; Owner: studentuser
--

ALTER TABLE public.django_admin_log ALTER COLUMN id ADD GENERATED BY DEFAULT AS IDENTITY (
    SEQUENCE NAME public.django_admin_log_id_seq
    START WITH 1
    INCREMENT BY 1
    NO MINVALUE
    NO MAXVALUE
    CACHE 1
);


--
-- TOC entry 222 (class 1259 OID 41166)
-- Name: django_content_type; Type: TABLE; Schema: public; Owner: studentuser
--

CREATE TABLE public.django_content_type (
    id integer NOT NULL,
    app_label character varying(100) NOT NULL,
    model character varying(100) NOT NULL
);


ALTER TABLE public.django_content_type OWNER TO studentuser;

--
-- TOC entry 221 (class 1259 OID 41165)
-- Name: django_content_type_id_seq; Type: SEQUENCE; Schema: public; Owner: studentuser
--

ALTER TABLE public.django_content_type ALTER COLUMN id ADD GENERATED BY DEFAULT AS IDENTITY (
    SEQUENCE NAME public.django_content_type_id_seq
    START WITH 1
    INCREMENT BY 1
    NO MINVALUE
    NO MAXVALUE
    CACHE 1
);


--
-- TOC entry 220 (class 1259 OID 41154)
-- Name: django_migrations; Type: TABLE; Schema: public; Owner: studentuser
--

CREATE TABLE public.django_migrations (
    id bigint NOT NULL,
    app character varying(255) NOT NULL,
    name character varying(255) NOT NULL,
    applied timestamp with time zone NOT NULL
);


ALTER TABLE public.django_migrations OWNER TO studentuser;

--
-- TOC entry 219 (class 1259 OID 41153)
-- Name: django_migrations_id_seq; Type: SEQUENCE; Schema: public; Owner: studentuser
--

ALTER TABLE public.django_migrations ALTER COLUMN id ADD GENERATED BY DEFAULT AS IDENTITY (
    SEQUENCE NAME public.django_migrations_id_seq
    START WITH 1
    INCREMENT BY 1
    NO MINVALUE
    NO MAXVALUE
    CACHE 1
);


--
-- TOC entry 241 (class 1259 OID 41350)
-- Name: django_session; Type: TABLE; Schema: public; Owner: studentuser
--

CREATE TABLE public.django_session (
    session_key character varying(40) NOT NULL,
    session_data text NOT NULL,
    expire_date timestamp with time zone NOT NULL
);


ALTER TABLE public.django_session OWNER TO studentuser;

--
-- TOC entry 230 (class 1259 OID 41235)
-- Name: myApp_categorymodel; Type: TABLE; Schema: public; Owner: studentuser
--

CREATE TABLE public."myApp_categorymodel" (
    id bigint NOT NULL,
    title character varying(200)
);


ALTER TABLE public."myApp_categorymodel" OWNER TO studentuser;

--
-- TOC entry 229 (class 1259 OID 41234)
-- Name: myApp_categorymodel_id_seq; Type: SEQUENCE; Schema: public; Owner: studentuser
--

ALTER TABLE public."myApp_categorymodel" ALTER COLUMN id ADD GENERATED BY DEFAULT AS IDENTITY (
    SEQUENCE NAME public."myApp_categorymodel_id_seq"
    START WITH 1
    INCREMENT BY 1
    NO MINVALUE
    NO MAXVALUE
    CACHE 1
);


--
-- TOC entry 238 (class 1259 OID 41280)
-- Name: myApp_salesmodel; Type: TABLE; Schema: public; Owner: studentuser
--

CREATE TABLE public."myApp_salesmodel" (
    id bigint NOT NULL,
    product_name character varying(200),
    unit_price numeric(10,2),
    quantity integer,
    discount_percent numeric(10,2),
    tax_percent numeric(10,2),
    total_price numeric(15,2),
    sale_date date NOT NULL,
    category_id bigint,
    CONSTRAINT "myApp_salesmodel_quantity_check" CHECK ((quantity >= 0))
);


ALTER TABLE public."myApp_salesmodel" OWNER TO studentuser;

--
-- TOC entry 237 (class 1259 OID 41279)
-- Name: myApp_salesmodel_id_seq; Type: SEQUENCE; Schema: public; Owner: studentuser
--

ALTER TABLE public."myApp_salesmodel" ALTER COLUMN id ADD GENERATED BY DEFAULT AS IDENTITY (
    SEQUENCE NAME public."myApp_salesmodel_id_seq"
    START WITH 1
    INCREMENT BY 1
    NO MINVALUE
    NO MAXVALUE
    CACHE 1
);


--
-- TOC entry 232 (class 1259 OID 41242)
-- Name: myApp_usermodel; Type: TABLE; Schema: public; Owner: studentuser
--

CREATE TABLE public."myApp_usermodel" (
    id bigint NOT NULL,
    password character varying(128) NOT NULL,
    last_login timestamp with time zone,
    is_superuser boolean NOT NULL,
    username character varying(150) NOT NULL,
    first_name character varying(150) NOT NULL,
    last_name character varying(150) NOT NULL,
    email character varying(254) NOT NULL,
    is_staff boolean NOT NULL,
    is_active boolean NOT NULL,
    date_joined timestamp with time zone NOT NULL
);


ALTER TABLE public."myApp_usermodel" OWNER TO studentuser;

--
-- TOC entry 234 (class 1259 OID 41262)
-- Name: myApp_usermodel_groups; Type: TABLE; Schema: public; Owner: studentuser
--

CREATE TABLE public."myApp_usermodel_groups" (
    id bigint NOT NULL,
    usermodel_id bigint NOT NULL,
    group_id integer NOT NULL
);


ALTER TABLE public."myApp_usermodel_groups" OWNER TO studentuser;

--
-- TOC entry 233 (class 1259 OID 41261)
-- Name: myApp_usermodel_groups_id_seq; Type: SEQUENCE; Schema: public; Owner: studentuser
--

ALTER TABLE public."myApp_usermodel_groups" ALTER COLUMN id ADD GENERATED BY DEFAULT AS IDENTITY (
    SEQUENCE NAME public."myApp_usermodel_groups_id_seq"
    START WITH 1
    INCREMENT BY 1
    NO MINVALUE
    NO MAXVALUE
    CACHE 1
);


--
-- TOC entry 231 (class 1259 OID 41241)
-- Name: myApp_usermodel_id_seq; Type: SEQUENCE; Schema: public; Owner: studentuser
--

ALTER TABLE public."myApp_usermodel" ALTER COLUMN id ADD GENERATED BY DEFAULT AS IDENTITY (
    SEQUENCE NAME public."myApp_usermodel_id_seq"
    START WITH 1
    INCREMENT BY 1
    NO MINVALUE
    NO MAXVALUE
    CACHE 1
);


--
-- TOC entry 236 (class 1259 OID 41271)
-- Name: myApp_usermodel_user_permissions; Type: TABLE; Schema: public; Owner: studentuser
--

CREATE TABLE public."myApp_usermodel_user_permissions" (
    id bigint NOT NULL,
    usermodel_id bigint NOT NULL,
    permission_id integer NOT NULL
);


ALTER TABLE public."myApp_usermodel_user_permissions" OWNER TO studentuser;

--
-- TOC entry 235 (class 1259 OID 41270)
-- Name: myApp_usermodel_user_permissions_id_seq; Type: SEQUENCE; Schema: public; Owner: studentuser
--

ALTER TABLE public."myApp_usermodel_user_permissions" ALTER COLUMN id ADD GENERATED BY DEFAULT AS IDENTITY (
    SEQUENCE NAME public."myApp_usermodel_user_permissions_id_seq"
    START WITH 1
    INCREMENT BY 1
    NO MINVALUE
    NO MAXVALUE
    CACHE 1
);


--
-- TOC entry 5128 (class 0 OID 41188)
-- Dependencies: 226
-- Data for Name: auth_group; Type: TABLE DATA; Schema: public; Owner: studentuser
--

COPY public.auth_group (id, name) FROM stdin;
\.


--
-- TOC entry 5130 (class 0 OID 41198)
-- Dependencies: 228
-- Data for Name: auth_group_permissions; Type: TABLE DATA; Schema: public; Owner: studentuser
--

COPY public.auth_group_permissions (id, group_id, permission_id) FROM stdin;
\.


--
-- TOC entry 5126 (class 0 OID 41178)
-- Dependencies: 224
-- Data for Name: auth_permission; Type: TABLE DATA; Schema: public; Owner: studentuser
--

COPY public.auth_permission (id, name, content_type_id, codename) FROM stdin;
1	Can add permission	2	add_permission
2	Can change permission	2	change_permission
3	Can delete permission	2	delete_permission
4	Can view permission	2	view_permission
5	Can add group	1	add_group
6	Can change group	1	change_group
7	Can delete group	1	delete_group
8	Can view group	1	view_group
9	Can add content type	3	add_contenttype
10	Can change content type	3	change_contenttype
11	Can delete content type	3	delete_contenttype
12	Can view content type	3	view_contenttype
13	Can add category model	4	add_categorymodel
14	Can change category model	4	change_categorymodel
15	Can delete category model	4	delete_categorymodel
16	Can view category model	4	view_categorymodel
17	Can add user	6	add_usermodel
18	Can change user	6	change_usermodel
19	Can delete user	6	delete_usermodel
20	Can view user	6	view_usermodel
21	Can add sales model	5	add_salesmodel
22	Can change sales model	5	change_salesmodel
23	Can delete sales model	5	delete_salesmodel
24	Can view sales model	5	view_salesmodel
25	Can add log entry	7	add_logentry
26	Can change log entry	7	change_logentry
27	Can delete log entry	7	delete_logentry
28	Can view log entry	7	view_logentry
29	Can add session	8	add_session
30	Can change session	8	change_session
31	Can delete session	8	delete_session
32	Can view session	8	view_session
\.


--
-- TOC entry 5142 (class 0 OID 41324)
-- Dependencies: 240
-- Data for Name: django_admin_log; Type: TABLE DATA; Schema: public; Owner: studentuser
--

COPY public.django_admin_log (id, action_time, object_id, object_repr, action_flag, change_message, content_type_id, user_id) FROM stdin;
1	2026-06-24 08:41:13.601793+06	2	Electronics	1	[{"added": {}}]	4	1
2	2026-06-24 08:45:37.105707+06	3	Fashion	1	[{"added": {}}]	4	1
3	2026-06-24 08:50:04.562841+06	1	Laptop	1	[{"added": {}}]	5	1
4	2026-06-24 08:50:57.978846+06	2	Phone	1	[{"added": {}}]	5	1
5	2026-06-24 08:51:31.394865+06	3	Pant	1	[{"added": {}}]	5	1
\.


--
-- TOC entry 5124 (class 0 OID 41166)
-- Dependencies: 222
-- Data for Name: django_content_type; Type: TABLE DATA; Schema: public; Owner: studentuser
--

COPY public.django_content_type (id, app_label, model) FROM stdin;
1	auth	group
2	auth	permission
3	contenttypes	contenttype
4	myApp	categorymodel
5	myApp	salesmodel
6	myApp	usermodel
7	admin	logentry
8	sessions	session
\.


--
-- TOC entry 5122 (class 0 OID 41154)
-- Dependencies: 220
-- Data for Name: django_migrations; Type: TABLE DATA; Schema: public; Owner: studentuser
--

COPY public.django_migrations (id, app, name, applied) FROM stdin;
1	contenttypes	0001_initial	2026-06-24 08:39:04.248289+06
2	contenttypes	0002_remove_content_type_name	2026-06-24 08:39:04.265155+06
3	auth	0001_initial	2026-06-24 08:39:04.349607+06
4	auth	0002_alter_permission_name_max_length	2026-06-24 08:39:04.36245+06
5	auth	0003_alter_user_email_max_length	2026-06-24 08:39:04.374452+06
6	auth	0004_alter_user_username_opts	2026-06-24 08:39:04.385372+06
7	auth	0005_alter_user_last_login_null	2026-06-24 08:39:04.396655+06
8	auth	0006_require_contenttypes_0002	2026-06-24 08:39:04.399368+06
9	auth	0007_alter_validators_add_error_messages	2026-06-24 08:39:04.409105+06
10	auth	0008_alter_user_username_max_length	2026-06-24 08:39:04.417318+06
11	auth	0009_alter_user_last_name_max_length	2026-06-24 08:39:04.428225+06
12	auth	0010_alter_group_name_max_length	2026-06-24 08:39:04.439541+06
13	auth	0011_update_proxy_permissions	2026-06-24 08:39:04.447961+06
14	auth	0012_alter_user_first_name_max_length	2026-06-24 08:39:04.462021+06
15	myApp	0001_initial	2026-06-24 08:39:04.546508+06
16	admin	0001_initial	2026-06-24 08:39:09.126005+06
17	admin	0002_logentry_remove_auto_add	2026-06-24 08:39:09.134892+06
18	admin	0003_logentry_add_action_flag_choices	2026-06-24 08:39:09.142078+06
19	sessions	0001_initial	2026-06-24 08:39:09.156454+06
20	myApp	0002_alter_salesmodel_discount_percent_and_more	2026-06-24 08:49:35.533024+06
\.


--
-- TOC entry 5143 (class 0 OID 41350)
-- Dependencies: 241
-- Data for Name: django_session; Type: TABLE DATA; Schema: public; Owner: studentuser
--

COPY public.django_session (session_key, session_data, expire_date) FROM stdin;
l9jpvnpgpmiwdd2x1deiwjzxarzfahde	.eJxVjEEOwiAQAP-yZ0O2wBbo0btvaIDd2qqBpLQn499Nkx70OjOZN4xx3-Zxb7KOC8MAHVx-WYr5KeUQ_IjlXlWuZVuXpI5EnbapW2V5Xc_2bzDHNsMAEQm7kEiQvTUWxThnSULvekbtAuXMCalnPU1ajO1IPKF37HxISTJ8vr2QN1E:1wcDX9:qUgEv-B7P1PbqZLaEJ3bNI3D80rlZ8O3QPVOp0Ryhnk	2026-07-08 08:40:11.320365+06
k71l5dc06g16ci7lveosjqhfq24z7n1j	.eJxVjMsOwiAUBf-FtSE8hBSX7v0Gcl9I1dCktCvjvxuSLnR7Zua8VYZ9q3nvsuaZ1UU5dfrdEOgpbQB-QLsvmpa2rTPqoeiDdn1bWF7Xw_07qNDrqMngRFHQBxSbeLJARop4g75Ek8ij42DReXYkCQGJgXwqNp4NuqA-XxrFOS4:1wcEq4:5NRr-Jf5MwJY6kWDiZwA-uQMbfgZrPVsRGkucdytS9M	2026-07-08 10:03:48.711404+06
x0wpnhjj58wsugp9wml2b92639grexkl	.eJxVjEEOwiAQAP-yZ0O2wBbo0btvaIDd2qqBpLQn499Nkx70OjOZN4xx3-Zxb7KOC8MAHVx-WYr5KeUQ_IjlXlWuZVuXpI5EnbapW2V5Xc_2bzDHNsMAEQm7kEiQvTUWxThnSULvekbtAuXMCalnPU1ajO1IPKF37HxISTJ8vr2QN1E:1wcH4z:RGN0_ZkiS9ivkfK0cMAxqBeawwwwOMv0eI3xI6rUlI8	2026-07-08 12:27:21.316073+06
\.


--
-- TOC entry 5132 (class 0 OID 41235)
-- Dependencies: 230
-- Data for Name: myApp_categorymodel; Type: TABLE DATA; Schema: public; Owner: studentuser
--

COPY public."myApp_categorymodel" (id, title) FROM stdin;
2	Electronics
3	Fashion
\.


--
-- TOC entry 5140 (class 0 OID 41280)
-- Dependencies: 238
-- Data for Name: myApp_salesmodel; Type: TABLE DATA; Schema: public; Owner: studentuser
--

COPY public."myApp_salesmodel" (id, product_name, unit_price, quantity, discount_percent, tax_percent, total_price, sale_date, category_id) FROM stdin;
1	Laptop	50000.00	10	2000.00	1000.00	500000.00	2026-06-24	2
2	Phone	15000.00	10	800.00	200.00	150000.00	2026-06-24	2
3	Pant	1500.00	10	200.00	100.00	15000.00	2026-06-24	3
4	Mouse	500.00	10	10.00	20.00	3500.00	2026-06-24	2
5	Laptop	1000.00	2	10.00	5.00	1700.00	2026-06-24	2
6	Phone	500.00	3	5.00	10.00	1575.00	2026-06-24	2
7	RAM	2300.00	15	10.00	20.00	37950.00	2026-06-24	2
8	SSD	4000.00	20	15.00	5.00	72000.00	2026-06-24	2
9	Shirt	500.00	13	9.00	7.00	6370.00	2026-06-24	3
10	Pendrive	800.00	7	5.00	10.00	5880.00	2026-06-24	2
11	ABC	500.00	30	20.00	15.00	14250.00	2026-06-24	3
12	x	100.00	25	3.00	5.00	2550.00	2026-06-24	2
13	Name	400.00	30	12.00	10.00	11760.00	2026-06-24	3
\.


--
-- TOC entry 5134 (class 0 OID 41242)
-- Dependencies: 232
-- Data for Name: myApp_usermodel; Type: TABLE DATA; Schema: public; Owner: studentuser
--

COPY public."myApp_usermodel" (id, password, last_login, is_superuser, username, first_name, last_name, email, is_staff, is_active, date_joined) FROM stdin;
3	pbkdf2_sha256$1200000$LjCPysm1JQ7yNe7mbs2AJ7$+CFgDfKKzb6VD8tHDgEJEJwIhiIRx4p/zAz7xZCeQhA=	\N	f	a	Mr A			f	t	2026-06-24 09:56:35.011831+06
5	pbkdf2_sha256$1200000$LuPC2pBv1lRpirsJ0NuyaT$BCKx7vcPCdmmsmQced+anmRwCpJH+RXHSEK8LPKdfLM=	2026-06-24 09:58:58.754382+06	f	b	Mr B			f	t	2026-06-24 09:58:45.658127+06
2	pbkdf2_sha256$1200000$fRujvbo68OR8ZOEFIG16Nj$O+pLVVXrB9vhkC2Qc0xj7ViZ4ZWx/lWWxPxQgbmUEXE=	2026-06-24 12:25:49.834194+06	f	ahad	Abdul Ahad Chowdhury			f	t	2026-06-24 09:00:46.565641+06
1	pbkdf2_sha256$1200000$PvzJvrjmfihTDRyvGwm1eD$xgBOfZoeCjRHiPbZ7w3y19DpKvO+6iMS0xkLtdoRwaw=	2026-06-24 12:27:21.313924+06	t	admin				t	t	2026-06-24 08:39:30.609659+06
\.


--
-- TOC entry 5136 (class 0 OID 41262)
-- Dependencies: 234
-- Data for Name: myApp_usermodel_groups; Type: TABLE DATA; Schema: public; Owner: studentuser
--

COPY public."myApp_usermodel_groups" (id, usermodel_id, group_id) FROM stdin;
\.


--
-- TOC entry 5138 (class 0 OID 41271)
-- Dependencies: 236
-- Data for Name: myApp_usermodel_user_permissions; Type: TABLE DATA; Schema: public; Owner: studentuser
--

COPY public."myApp_usermodel_user_permissions" (id, usermodel_id, permission_id) FROM stdin;
\.


--
-- TOC entry 5149 (class 0 OID 0)
-- Dependencies: 225
-- Name: auth_group_id_seq; Type: SEQUENCE SET; Schema: public; Owner: studentuser
--

SELECT pg_catalog.setval('public.auth_group_id_seq', 1, false);


--
-- TOC entry 5150 (class 0 OID 0)
-- Dependencies: 227
-- Name: auth_group_permissions_id_seq; Type: SEQUENCE SET; Schema: public; Owner: studentuser
--

SELECT pg_catalog.setval('public.auth_group_permissions_id_seq', 1, false);


--
-- TOC entry 5151 (class 0 OID 0)
-- Dependencies: 223
-- Name: auth_permission_id_seq; Type: SEQUENCE SET; Schema: public; Owner: studentuser
--

SELECT pg_catalog.setval('public.auth_permission_id_seq', 32, true);


--
-- TOC entry 5152 (class 0 OID 0)
-- Dependencies: 239
-- Name: django_admin_log_id_seq; Type: SEQUENCE SET; Schema: public; Owner: studentuser
--

SELECT pg_catalog.setval('public.django_admin_log_id_seq', 5, true);


--
-- TOC entry 5153 (class 0 OID 0)
-- Dependencies: 221
-- Name: django_content_type_id_seq; Type: SEQUENCE SET; Schema: public; Owner: studentuser
--

SELECT pg_catalog.setval('public.django_content_type_id_seq', 8, true);


--
-- TOC entry 5154 (class 0 OID 0)
-- Dependencies: 219
-- Name: django_migrations_id_seq; Type: SEQUENCE SET; Schema: public; Owner: studentuser
--

SELECT pg_catalog.setval('public.django_migrations_id_seq', 20, true);


--
-- TOC entry 5155 (class 0 OID 0)
-- Dependencies: 229
-- Name: myApp_categorymodel_id_seq; Type: SEQUENCE SET; Schema: public; Owner: studentuser
--

SELECT pg_catalog.setval('public."myApp_categorymodel_id_seq"', 3, true);


--
-- TOC entry 5156 (class 0 OID 0)
-- Dependencies: 237
-- Name: myApp_salesmodel_id_seq; Type: SEQUENCE SET; Schema: public; Owner: studentuser
--

SELECT pg_catalog.setval('public."myApp_salesmodel_id_seq"', 13, true);


--
-- TOC entry 5157 (class 0 OID 0)
-- Dependencies: 233
-- Name: myApp_usermodel_groups_id_seq; Type: SEQUENCE SET; Schema: public; Owner: studentuser
--

SELECT pg_catalog.setval('public."myApp_usermodel_groups_id_seq"', 1, false);


--
-- TOC entry 5158 (class 0 OID 0)
-- Dependencies: 231
-- Name: myApp_usermodel_id_seq; Type: SEQUENCE SET; Schema: public; Owner: studentuser
--

SELECT pg_catalog.setval('public."myApp_usermodel_id_seq"', 5, true);


--
-- TOC entry 5159 (class 0 OID 0)
-- Dependencies: 235
-- Name: myApp_usermodel_user_permissions_id_seq; Type: SEQUENCE SET; Schema: public; Owner: studentuser
--

SELECT pg_catalog.setval('public."myApp_usermodel_user_permissions_id_seq"', 1, false);


--
-- TOC entry 4925 (class 2606 OID 41231)
-- Name: auth_group auth_group_name_key; Type: CONSTRAINT; Schema: public; Owner: studentuser
--

ALTER TABLE ONLY public.auth_group
    ADD CONSTRAINT auth_group_name_key UNIQUE (name);


--
-- TOC entry 4930 (class 2606 OID 41216)
-- Name: auth_group_permissions auth_group_permissions_group_id_permission_id_0cd325b0_uniq; Type: CONSTRAINT; Schema: public; Owner: studentuser
--

ALTER TABLE ONLY public.auth_group_permissions
    ADD CONSTRAINT auth_group_permissions_group_id_permission_id_0cd325b0_uniq UNIQUE (group_id, permission_id);


--
-- TOC entry 4933 (class 2606 OID 41205)
-- Name: auth_group_permissions auth_group_permissions_pkey; Type: CONSTRAINT; Schema: public; Owner: studentuser
--

ALTER TABLE ONLY public.auth_group_permissions
    ADD CONSTRAINT auth_group_permissions_pkey PRIMARY KEY (id);


--
-- TOC entry 4927 (class 2606 OID 41194)
-- Name: auth_group auth_group_pkey; Type: CONSTRAINT; Schema: public; Owner: studentuser
--

ALTER TABLE ONLY public.auth_group
    ADD CONSTRAINT auth_group_pkey PRIMARY KEY (id);


--
-- TOC entry 4920 (class 2606 OID 41207)
-- Name: auth_permission auth_permission_content_type_id_codename_01ab375a_uniq; Type: CONSTRAINT; Schema: public; Owner: studentuser
--

ALTER TABLE ONLY public.auth_permission
    ADD CONSTRAINT auth_permission_content_type_id_codename_01ab375a_uniq UNIQUE (content_type_id, codename);


--
-- TOC entry 4922 (class 2606 OID 41186)
-- Name: auth_permission auth_permission_pkey; Type: CONSTRAINT; Schema: public; Owner: studentuser
--

ALTER TABLE ONLY public.auth_permission
    ADD CONSTRAINT auth_permission_pkey PRIMARY KEY (id);


--
-- TOC entry 4958 (class 2606 OID 41337)
-- Name: django_admin_log django_admin_log_pkey; Type: CONSTRAINT; Schema: public; Owner: studentuser
--

ALTER TABLE ONLY public.django_admin_log
    ADD CONSTRAINT django_admin_log_pkey PRIMARY KEY (id);


--
-- TOC entry 4915 (class 2606 OID 41176)
-- Name: django_content_type django_content_type_app_label_model_76bd3d3b_uniq; Type: CONSTRAINT; Schema: public; Owner: studentuser
--

ALTER TABLE ONLY public.django_content_type
    ADD CONSTRAINT django_content_type_app_label_model_76bd3d3b_uniq UNIQUE (app_label, model);


--
-- TOC entry 4917 (class 2606 OID 41174)
-- Name: django_content_type django_content_type_pkey; Type: CONSTRAINT; Schema: public; Owner: studentuser
--

ALTER TABLE ONLY public.django_content_type
    ADD CONSTRAINT django_content_type_pkey PRIMARY KEY (id);


--
-- TOC entry 4913 (class 2606 OID 41164)
-- Name: django_migrations django_migrations_pkey; Type: CONSTRAINT; Schema: public; Owner: studentuser
--

ALTER TABLE ONLY public.django_migrations
    ADD CONSTRAINT django_migrations_pkey PRIMARY KEY (id);


--
-- TOC entry 4962 (class 2606 OID 41359)
-- Name: django_session django_session_pkey; Type: CONSTRAINT; Schema: public; Owner: studentuser
--

ALTER TABLE ONLY public.django_session
    ADD CONSTRAINT django_session_pkey PRIMARY KEY (session_key);


--
-- TOC entry 4935 (class 2606 OID 41240)
-- Name: myApp_categorymodel myApp_categorymodel_pkey; Type: CONSTRAINT; Schema: public; Owner: studentuser
--

ALTER TABLE ONLY public."myApp_categorymodel"
    ADD CONSTRAINT "myApp_categorymodel_pkey" PRIMARY KEY (id);


--
-- TOC entry 4955 (class 2606 OID 41287)
-- Name: myApp_salesmodel myApp_salesmodel_pkey; Type: CONSTRAINT; Schema: public; Owner: studentuser
--

ALTER TABLE ONLY public."myApp_salesmodel"
    ADD CONSTRAINT "myApp_salesmodel_pkey" PRIMARY KEY (id);


--
-- TOC entry 4943 (class 2606 OID 41269)
-- Name: myApp_usermodel_groups myApp_usermodel_groups_pkey; Type: CONSTRAINT; Schema: public; Owner: studentuser
--

ALTER TABLE ONLY public."myApp_usermodel_groups"
    ADD CONSTRAINT "myApp_usermodel_groups_pkey" PRIMARY KEY (id);


--
-- TOC entry 4946 (class 2606 OID 41290)
-- Name: myApp_usermodel_groups myApp_usermodel_groups_usermodel_id_group_id_b1d34f2b_uniq; Type: CONSTRAINT; Schema: public; Owner: studentuser
--

ALTER TABLE ONLY public."myApp_usermodel_groups"
    ADD CONSTRAINT "myApp_usermodel_groups_usermodel_id_group_id_b1d34f2b_uniq" UNIQUE (usermodel_id, group_id);


--
-- TOC entry 4937 (class 2606 OID 41258)
-- Name: myApp_usermodel myApp_usermodel_pkey; Type: CONSTRAINT; Schema: public; Owner: studentuser
--

ALTER TABLE ONLY public."myApp_usermodel"
    ADD CONSTRAINT "myApp_usermodel_pkey" PRIMARY KEY (id);


--
-- TOC entry 4948 (class 2606 OID 41304)
-- Name: myApp_usermodel_user_permissions myApp_usermodel_user_per_usermodel_id_permission__3bb1efe8_uniq; Type: CONSTRAINT; Schema: public; Owner: studentuser
--

ALTER TABLE ONLY public."myApp_usermodel_user_permissions"
    ADD CONSTRAINT "myApp_usermodel_user_per_usermodel_id_permission__3bb1efe8_uniq" UNIQUE (usermodel_id, permission_id);


--
-- TOC entry 4951 (class 2606 OID 41278)
-- Name: myApp_usermodel_user_permissions myApp_usermodel_user_permissions_pkey; Type: CONSTRAINT; Schema: public; Owner: studentuser
--

ALTER TABLE ONLY public."myApp_usermodel_user_permissions"
    ADD CONSTRAINT "myApp_usermodel_user_permissions_pkey" PRIMARY KEY (id);


--
-- TOC entry 4940 (class 2606 OID 41260)
-- Name: myApp_usermodel myApp_usermodel_username_key; Type: CONSTRAINT; Schema: public; Owner: studentuser
--

ALTER TABLE ONLY public."myApp_usermodel"
    ADD CONSTRAINT "myApp_usermodel_username_key" UNIQUE (username);


--
-- TOC entry 4923 (class 1259 OID 41232)
-- Name: auth_group_name_a6ea08ec_like; Type: INDEX; Schema: public; Owner: studentuser
--

CREATE INDEX auth_group_name_a6ea08ec_like ON public.auth_group USING btree (name varchar_pattern_ops);


--
-- TOC entry 4928 (class 1259 OID 41227)
-- Name: auth_group_permissions_group_id_b120cbf9; Type: INDEX; Schema: public; Owner: studentuser
--

CREATE INDEX auth_group_permissions_group_id_b120cbf9 ON public.auth_group_permissions USING btree (group_id);


--
-- TOC entry 4931 (class 1259 OID 41228)
-- Name: auth_group_permissions_permission_id_84c5c92e; Type: INDEX; Schema: public; Owner: studentuser
--

CREATE INDEX auth_group_permissions_permission_id_84c5c92e ON public.auth_group_permissions USING btree (permission_id);


--
-- TOC entry 4918 (class 1259 OID 41213)
-- Name: auth_permission_content_type_id_2f476e4b; Type: INDEX; Schema: public; Owner: studentuser
--

CREATE INDEX auth_permission_content_type_id_2f476e4b ON public.auth_permission USING btree (content_type_id);


--
-- TOC entry 4956 (class 1259 OID 41348)
-- Name: django_admin_log_content_type_id_c4bce8eb; Type: INDEX; Schema: public; Owner: studentuser
--

CREATE INDEX django_admin_log_content_type_id_c4bce8eb ON public.django_admin_log USING btree (content_type_id);


--
-- TOC entry 4959 (class 1259 OID 41349)
-- Name: django_admin_log_user_id_c564eba6; Type: INDEX; Schema: public; Owner: studentuser
--

CREATE INDEX django_admin_log_user_id_c564eba6 ON public.django_admin_log USING btree (user_id);


--
-- TOC entry 4960 (class 1259 OID 41361)
-- Name: django_session_expire_date_a5c62663; Type: INDEX; Schema: public; Owner: studentuser
--

CREATE INDEX django_session_expire_date_a5c62663 ON public.django_session USING btree (expire_date);


--
-- TOC entry 4963 (class 1259 OID 41360)
-- Name: django_session_session_key_c0390e0f_like; Type: INDEX; Schema: public; Owner: studentuser
--

CREATE INDEX django_session_session_key_c0390e0f_like ON public.django_session USING btree (session_key varchar_pattern_ops);


--
-- TOC entry 4953 (class 1259 OID 41322)
-- Name: myApp_salesmodel_category_id_96df81bb; Type: INDEX; Schema: public; Owner: studentuser
--

CREATE INDEX "myApp_salesmodel_category_id_96df81bb" ON public."myApp_salesmodel" USING btree (category_id);


--
-- TOC entry 4941 (class 1259 OID 41302)
-- Name: myApp_usermodel_groups_group_id_61f4435e; Type: INDEX; Schema: public; Owner: studentuser
--

CREATE INDEX "myApp_usermodel_groups_group_id_61f4435e" ON public."myApp_usermodel_groups" USING btree (group_id);


--
-- TOC entry 4944 (class 1259 OID 41301)
-- Name: myApp_usermodel_groups_usermodel_id_ef66d9d1; Type: INDEX; Schema: public; Owner: studentuser
--

CREATE INDEX "myApp_usermodel_groups_usermodel_id_ef66d9d1" ON public."myApp_usermodel_groups" USING btree (usermodel_id);


--
-- TOC entry 4949 (class 1259 OID 41316)
-- Name: myApp_usermodel_user_permissions_permission_id_e5739854; Type: INDEX; Schema: public; Owner: studentuser
--

CREATE INDEX "myApp_usermodel_user_permissions_permission_id_e5739854" ON public."myApp_usermodel_user_permissions" USING btree (permission_id);


--
-- TOC entry 4952 (class 1259 OID 41315)
-- Name: myApp_usermodel_user_permissions_usermodel_id_0e0bcc10; Type: INDEX; Schema: public; Owner: studentuser
--

CREATE INDEX "myApp_usermodel_user_permissions_usermodel_id_0e0bcc10" ON public."myApp_usermodel_user_permissions" USING btree (usermodel_id);


--
-- TOC entry 4938 (class 1259 OID 41288)
-- Name: myApp_usermodel_username_c04a424a_like; Type: INDEX; Schema: public; Owner: studentuser
--

CREATE INDEX "myApp_usermodel_username_c04a424a_like" ON public."myApp_usermodel" USING btree (username varchar_pattern_ops);


--
-- TOC entry 4965 (class 2606 OID 41222)
-- Name: auth_group_permissions auth_group_permissio_permission_id_84c5c92e_fk_auth_perm; Type: FK CONSTRAINT; Schema: public; Owner: studentuser
--

ALTER TABLE ONLY public.auth_group_permissions
    ADD CONSTRAINT auth_group_permissio_permission_id_84c5c92e_fk_auth_perm FOREIGN KEY (permission_id) REFERENCES public.auth_permission(id) DEFERRABLE INITIALLY DEFERRED;


--
-- TOC entry 4966 (class 2606 OID 41217)
-- Name: auth_group_permissions auth_group_permissions_group_id_b120cbf9_fk_auth_group_id; Type: FK CONSTRAINT; Schema: public; Owner: studentuser
--

ALTER TABLE ONLY public.auth_group_permissions
    ADD CONSTRAINT auth_group_permissions_group_id_b120cbf9_fk_auth_group_id FOREIGN KEY (group_id) REFERENCES public.auth_group(id) DEFERRABLE INITIALLY DEFERRED;


--
-- TOC entry 4964 (class 2606 OID 41208)
-- Name: auth_permission auth_permission_content_type_id_2f476e4b_fk_django_co; Type: FK CONSTRAINT; Schema: public; Owner: studentuser
--

ALTER TABLE ONLY public.auth_permission
    ADD CONSTRAINT auth_permission_content_type_id_2f476e4b_fk_django_co FOREIGN KEY (content_type_id) REFERENCES public.django_content_type(id) DEFERRABLE INITIALLY DEFERRED;


--
-- TOC entry 4972 (class 2606 OID 41338)
-- Name: django_admin_log django_admin_log_content_type_id_c4bce8eb_fk_django_co; Type: FK CONSTRAINT; Schema: public; Owner: studentuser
--

ALTER TABLE ONLY public.django_admin_log
    ADD CONSTRAINT django_admin_log_content_type_id_c4bce8eb_fk_django_co FOREIGN KEY (content_type_id) REFERENCES public.django_content_type(id) DEFERRABLE INITIALLY DEFERRED;


--
-- TOC entry 4973 (class 2606 OID 41343)
-- Name: django_admin_log django_admin_log_user_id_c564eba6_fk_myApp_usermodel_id; Type: FK CONSTRAINT; Schema: public; Owner: studentuser
--

ALTER TABLE ONLY public.django_admin_log
    ADD CONSTRAINT "django_admin_log_user_id_c564eba6_fk_myApp_usermodel_id" FOREIGN KEY (user_id) REFERENCES public."myApp_usermodel"(id) DEFERRABLE INITIALLY DEFERRED;


--
-- TOC entry 4971 (class 2606 OID 41317)
-- Name: myApp_salesmodel myApp_salesmodel_category_id_96df81bb_fk_myApp_categorymodel_id; Type: FK CONSTRAINT; Schema: public; Owner: studentuser
--

ALTER TABLE ONLY public."myApp_salesmodel"
    ADD CONSTRAINT "myApp_salesmodel_category_id_96df81bb_fk_myApp_categorymodel_id" FOREIGN KEY (category_id) REFERENCES public."myApp_categorymodel"(id) DEFERRABLE INITIALLY DEFERRED;


--
-- TOC entry 4967 (class 2606 OID 41291)
-- Name: myApp_usermodel_groups myApp_usermodel_grou_usermodel_id_ef66d9d1_fk_myApp_use; Type: FK CONSTRAINT; Schema: public; Owner: studentuser
--

ALTER TABLE ONLY public."myApp_usermodel_groups"
    ADD CONSTRAINT "myApp_usermodel_grou_usermodel_id_ef66d9d1_fk_myApp_use" FOREIGN KEY (usermodel_id) REFERENCES public."myApp_usermodel"(id) DEFERRABLE INITIALLY DEFERRED;


--
-- TOC entry 4968 (class 2606 OID 41296)
-- Name: myApp_usermodel_groups myApp_usermodel_groups_group_id_61f4435e_fk_auth_group_id; Type: FK CONSTRAINT; Schema: public; Owner: studentuser
--

ALTER TABLE ONLY public."myApp_usermodel_groups"
    ADD CONSTRAINT "myApp_usermodel_groups_group_id_61f4435e_fk_auth_group_id" FOREIGN KEY (group_id) REFERENCES public.auth_group(id) DEFERRABLE INITIALLY DEFERRED;


--
-- TOC entry 4969 (class 2606 OID 41310)
-- Name: myApp_usermodel_user_permissions myApp_usermodel_user_permission_id_e5739854_fk_auth_perm; Type: FK CONSTRAINT; Schema: public; Owner: studentuser
--

ALTER TABLE ONLY public."myApp_usermodel_user_permissions"
    ADD CONSTRAINT "myApp_usermodel_user_permission_id_e5739854_fk_auth_perm" FOREIGN KEY (permission_id) REFERENCES public.auth_permission(id) DEFERRABLE INITIALLY DEFERRED;


--
-- TOC entry 4970 (class 2606 OID 41305)
-- Name: myApp_usermodel_user_permissions myApp_usermodel_user_usermodel_id_0e0bcc10_fk_myApp_use; Type: FK CONSTRAINT; Schema: public; Owner: studentuser
--

ALTER TABLE ONLY public."myApp_usermodel_user_permissions"
    ADD CONSTRAINT "myApp_usermodel_user_usermodel_id_0e0bcc10_fk_myApp_use" FOREIGN KEY (usermodel_id) REFERENCES public."myApp_usermodel"(id) DEFERRABLE INITIALLY DEFERRED;


-- Completed on 2026-06-24 12:52:17

--
-- PostgreSQL database dump complete
--

\unrestrict HcZabkkfPPlHJFDLJ7FHMcfUoE5jTPt0VAHz3NlrvB8C5XQrImQuPXPNxdYYJ75

